{
    "FUN_0051452c": {
        "decompiled_code": "\r\n/* WARNING: Control flow encountered bad instruction data */\r\n/* WARNING: Instruction at (ram,0x00514656) overlaps instruction at (ram,0x00514654)\r\n    */\r\n/* WARNING: This function may have set the stack pointer */\r\n/* WARNING: Removing unreachable block (ram,0x00514642) */\r\n\r\nvoid __fastcall FUN_0051452c(int param_1,undefined4 param_2)\r\n\r\n{\r\n  char *pcVar1;\r\n  char cVar2;\r\n  bool bVar3;\r\n  uint uVar4;\r\n  code *pcVar5;\r\n  byte *pbVar6;\r\n  byte bVar7;\r\n  byte bVar8;\r\n  undefined uVar9;\r\n  uint uVar10;\r\n  undefined4 uVar11;\r\n  undefined3 uVar12;\r\n  uint uVar13;\r\n  undefined4 extraout_ECX;\r\n  int extraout_ECX_00;\r\n  undefined2 uVar14;\r\n  int iVar15;\r\n  int extraout_EDX;\r\n  uint unaff_EBX;\r\n  int *piVar16;\r\n  undefined *puVar17;\r\n  undefined6 *unaff_EDI;\r\n  int in_GS_OFFSET;\r\n  char in_AF;\r\n  byte bVar18;\r\n  undefined8 uVar19;\r\n  \r\n  pcVar1 = (char *)(unaff_EBX + 0x3204273f);\r\n  cVar2 = *pcVar1;\r\n  *pcVar1 = *pcVar1 + '\\x01';\r\n  piVar16 = (int *)(unaff_EBX & 0xffffff00);\r\n  bVar7 = in_AF * -6 + 0x33;\r\n  bVar8 = 0x9f < bVar7 | in_AF * (bVar7 < 6);\r\n  if (SCARRY1(cVar2,'\\x01') == false) {\r\n    *(char *)(param_1 + 0x475507e) = (*(char *)(param_1 + 0x475507e) - (char)param_1) - bVar8;\r\n                    /* WARNING: Bad instruction - Truncating control flow here */\r\n    halt_baddata();\r\n  }\r\n  bVar18 = 1;\r\n  iVar15 = CONCAT22((short)((uint)param_2 >> 0x10),\r\n                    CONCAT11((byte)((uint)param_2 >> 8) | *(byte *)((int)unaff_EDI + -0x611ea8ab),\r\n                             (char)param_2)) + 1;\r\n  if (-1 < iVar15) {\r\n                    /* WARNING: Bad instruction - Truncating control flow here */\r\n    halt_baddata();\r\n  }\r\n  bVar8 = bVar7 + bVar8 * -0x60 | 0x18;\r\n  uVar13 = param_1 - 1;\r\n  if (uVar13 == 0 || bVar8 == 0) {\r\n    *piVar16 = *piVar16 + -0x7ebf47d2;\r\n    DAT_816948f0 = DAT_816948f0 + -0x58;\r\n                    /* WARNING: Bad instruction - Truncating control flow here */\r\n    halt_baddata();\r\n  }\r\n  puVar17 = (undefined *)*unaff_EDI;\r\n  if ((char)bVar8 < '\\0') {\r\n    pcVar5 = (code *)swi(0x14);\r\n    uVar19 = (*pcVar5)(0x6e01e240,piVar16);\r\n    iVar15 = (int)((ulonglong)uVar19 >> 0x20);\r\n    uVar10 = (uint)uVar19;\r\n    pbVar6 = (byte *)(iVar15 * 2);\r\n    bVar8 = (byte)((uint)extraout_ECX >> 8);\r\n    uVar13 = (uint)CARRY1(bVar8,*pbVar6);\r\n    uVar4 = uVar10 + 0x132e6893;\r\n    uVar11 = in(0x37);\r\n    out(0xc1,(char)uVar11);\r\n    bVar3 = (uVar10 >= 0xecd1976d && uVar4 >= uVar13) && uVar4 != uVar13;\r\n    if (bVar3) {\r\n      unaff_EDI = (undefined6 *)0x868f7c0a;\r\n    }\r\n    else {\r\n      piVar16 = (int *)((uint)CONCAT21((short)(unaff_EBX >> 0x10),\r\n                                       (byte)(unaff_EBX >> 8) |\r\n                                       *(byte *)((int)unaff_EDI +\r\n                                                CONCAT31(CONCAT21((short)((uint)extraout_ECX >> 0x10\r\n                                                                         ),bVar8 + *pbVar6),0xe7) *\r\n                                                4 + -0x7a)) << 8);\r\n    }\r\n    pcVar1 = (char *)(iVar15 + 0x5d35bb12);\r\n    *pcVar1 = (*pcVar1 + '\\x04') - (bVar3 && (uVar10 < 0xecd1976d || uVar4 < uVar13));\r\n    pcVar5 = (code *)swi(0x8e);\r\n    (*pcVar5)();\r\n    in((short)extraout_EDX);\r\n    if (piVar16 != (int *)0xffffff8d) {\r\n                    /* WARNING: Bad instruction - Truncating control flow here */\r\n      halt_baddata();\r\n    }\r\n    uVar13 = extraout_ECX_00 - 1;\r\n    if (uVar13 != 0 && piVar16 == (int *)0xffffff8d) {\r\n      xabort(0xd);\r\n                    /* WARNING: Bad instruction - Truncating control flow here */\r\n      halt_baddata();\r\n    }\r\n    uVar9 = in((short)extraout_EDX);\r\n    iVar15 = extraout_EDX + 1;\r\n    out((short)iVar15,uVar9);\r\n    if (SCARRY4(extraout_EDX,1) != iVar15 < 0) {\r\n      bRamffffff8d = bRamffffff8d ^ (byte)((uint)iVar15 >> 8);\r\n      uVar11 = in((short)iVar15);\r\n      *(undefined4 *)unaff_EDI = uVar11;\r\n      *(undefined *)(in_GS_OFFSET + extraout_ECX_00 + -0x73) = 0x8d;\r\n      puVar17 = puVar17 + -1;\r\n      uVar13 = uVar13 | (uint)puVar17;\r\n    }\r\n  }\r\n  else {\r\n    swi(4);\r\n  }\r\n  DAT_ff91375c = in(0);\r\n  bVar8 = (byte)uVar13 | 0x5b;\r\n  bVar18 = 9 < (bVar8 & 0xf) | bVar18;\r\n  bVar8 = bVar8 + bVar18 * -6;\r\n  uVar13 = CONCAT31((int3)(uVar13 >> 8),bVar8 + (0x9f < bVar8 | bVar18 * (bVar8 < 6)) * -0x60) ^\r\n           (uint)&stack0x00000000;\r\n  uVar14 = (undefined2)iVar15;\r\n  out(*puVar17,uVar14);\r\n  uVar12 = (undefined3)(uVar13 + *(int *)(uVar13 + 0xd84edc68) >> 8);\r\n  cRamd6c08086 = in(uVar14);\r\n  cVar2 = cRamd6c08086 - *(char *)(((uint)puVar17 & CONCAT31(uVar12,cRamd6c08086)) * 3 + 0x383101c8)\r\n  ;\r\n  *(char *)(CONCAT31(uVar12,cVar2) + -0x24fb134e) = cVar2;\r\n  out(uVar14,cVar2);\r\n  pcVar5 = (code *)swi(3);\r\n  (*pcVar5)();\r\n  return;\r\n}\r\n\r\n", 
        "entry_point": "0051452c"
    }, 
    "entry": {
        "decompiled_code": "\r\n/* WARNING: Instruction at (ram,0x0059264f) overlaps instruction at (ram,0x0059264e)\r\n    */\r\n/* WARNING: Control flow encountered bad instruction data */\r\n\r\nvoid entry(void)\r\n\r\n{\r\n  byte bVar1;\r\n  undefined uVar2;\r\n  char cVar3;\r\n  byte bVar4;\r\n  undefined4 uVar5;\r\n  int iVar6;\r\n  uint uVar7;\r\n  HMODULE hModule;\r\n  FARPROC pFVar8;\r\n  byte *pbVar9;\r\n  undefined4 *puVar10;\r\n  uint uVar11;\r\n  uint uVar12;\r\n  FARPROC *ppFVar13;\r\n  uint uVar14;\r\n  uint *puVar15;\r\n  UINT unaff_EDI;\r\n  undefined4 *puVar16;\r\n  byte *lpProcName;\r\n  byte *pbVar17;\r\n  byte *pbVar18;\r\n  bool bVar19;\r\n  bool bVar20;\r\n  bool bVar21;\r\n  \r\n  puVar15 = &DAT_00514000;\r\n  puVar16 = (undefined4 *)&DAT_00401000;\r\n  uVar14 = 0xffffffff;\r\nLAB_00592522:\r\n  uVar11 = *puVar15;\r\n  bVar19 = puVar15 < (uint *)0xfffffffc;\r\n  puVar15 = puVar15 + 1;\r\n  bVar20 = CARRY4(uVar11,uVar11) || CARRY4(uVar11 * 2,(uint)bVar19);\r\n  uVar11 = uVar11 * 2 + (uint)bVar19;\r\nLAB_00592529:\r\n  if (!bVar20) {\r\n    iVar6 = 1;\r\n    do {\r\n      bVar19 = CARRY4(uVar11,uVar11);\r\n      uVar11 = uVar11 * 2;\r\n      if (uVar11 == 0) {\r\n        uVar11 = *puVar15;\r\n        bVar20 = puVar15 < (uint *)0xfffffffc;\r\n        puVar15 = puVar15 + 1;\r\n        bVar19 = CARRY4(uVar11,uVar11) || CARRY4(uVar11 * 2,(uint)bVar20);\r\n        uVar11 = uVar11 * 2 + (uint)bVar20;\r\n      }\r\n      uVar7 = iVar6 * 2 + (uint)bVar19;\r\n      uVar12 = uVar11 * 2;\r\n      if (CARRY4(uVar11,uVar11)) {\r\n        if (uVar12 != 0) goto LAB_0059255c;\r\n        uVar11 = *puVar15;\r\n        bVar19 = puVar15 < (uint *)0xfffffffc;\r\n        puVar15 = puVar15 + 1;\r\n        uVar12 = uVar11 * 2 + (uint)bVar19;\r\n        if (CARRY4(uVar11,uVar11) || CARRY4(uVar11 * 2,(uint)bVar19)) goto LAB_0059255c;\r\n      }\r\n      bVar19 = CARRY4(uVar12,uVar12);\r\n      uVar11 = uVar12 * 2;\r\n      if (uVar11 == 0) {\r\n        uVar11 = *puVar15;\r\n        bVar20 = puVar15 < (uint *)0xfffffffc;\r\n        puVar15 = puVar15 + 1;\r\n        bVar19 = CARRY4(uVar11,uVar11) || CARRY4(uVar11 * 2,(uint)bVar20);\r\n        uVar11 = uVar11 * 2 + (uint)bVar20;\r\n      }\r\n      iVar6 = (uVar7 - 1) * 2 + (uint)bVar19;\r\n    } while( true );\r\n  }\r\n  uVar2 = *(undefined *)puVar15;\r\n  puVar15 = (uint *)((int)puVar15 + 1);\r\n  *(undefined *)puVar16 = uVar2;\r\n  puVar16 = (undefined4 *)((int)puVar16 + 1);\r\n  goto LAB_0059251e;\r\nLAB_0059255c:\r\n  if (uVar7 < 3) {\r\n    bVar19 = CARRY4(uVar12,uVar12);\r\n    uVar12 = uVar12 * 2;\r\n    if (uVar12 == 0) {\r\n      uVar11 = *puVar15;\r\n      bVar20 = puVar15 < (uint *)0xfffffffc;\r\n      puVar15 = puVar15 + 1;\r\n      bVar19 = CARRY4(uVar11,uVar11) || CARRY4(uVar11 * 2,(uint)bVar20);\r\n      uVar12 = uVar11 * 2 + (uint)bVar20;\r\n    }\r\n  }\r\n  else {\r\n    uVar2 = *(undefined *)puVar15;\r\n    puVar15 = (uint *)((int)puVar15 + 1);\r\n    uVar14 = CONCAT31((int3)uVar7 + -3,uVar2) ^ 0xffffffff;\r\n    if (uVar14 == 0) {\r\n      puVar16 = (undefined4 *)&DAT_00401000;\r\n      iVar6 = 0x62e4;\r\n      do {\r\n        cVar3 = *(char *)puVar16;\r\n        puVar16 = (undefined4 *)((int)puVar16 + 1);\r\n        while (((byte)(cVar3 + 0x18U) < 2 && (*(char *)puVar16 == '\\''))) {\r\n          uVar5 = *puVar16;\r\n          cVar3 = *(char *)(puVar16 + 1);\r\n          *puVar16 = &DAT_00401000 +\r\n                     (CONCAT31(CONCAT21((ushort)uVar5 >> 8,(char)((uint)uVar5 >> 0x10)),\r\n                               (char)((uint)uVar5 >> 0x18)) - (int)puVar16);\r\n          puVar16 = (undefined4 *)((int)puVar16 + 5);\r\n          iVar6 = iVar6 + -1;\r\n          if (iVar6 == 0) {\r\n            lpProcName = pu__L_c_4___K_C_0_L_D_S_R_I_T_C_C_B_0058ea3d.opaque_data + 0x5c2;\r\n            do {\r\n              if (*(int *)lpProcName == 0) {\r\n                    /* WARNING: Bad instruction - Truncating control flow here */\r\n                halt_baddata();\r\n              }\r\n              ppFVar13 = (FARPROC *)(&DAT_00401000 + *(int *)(lpProcName + 4));\r\n              pbVar18 = lpProcName + 8;\r\n              hModule = LoadLibraryA((LPCSTR)((int)&DWORD_00595510 + *(int *)lpProcName));\r\n              while( true ) {\r\n                bVar4 = *pbVar18;\r\n                lpProcName = pbVar18 + 1;\r\n                if (bVar4 == 0) break;\r\n                if ((char)bVar4 < '\\0') {\r\n                  lpProcName = (byte *)(uint)*(ushort *)lpProcName;\r\n                  pbVar18 = pbVar18 + 3;\r\n                }\r\n                else {\r\n                  pbVar9 = lpProcName;\r\n                  pbVar17 = lpProcName;\r\n                  do {\r\n                    pbVar18 = pbVar17;\r\n                    if (pbVar9 == (byte *)0x0) break;\r\n                    pbVar9 = pbVar9 + -1;\r\n                    pbVar18 = pbVar17 + 1;\r\n                    bVar1 = *pbVar17;\r\n                    pbVar17 = pbVar18;\r\n                  } while ((byte)(bVar4 - 1) != bVar1);\r\n                }\r\n                pFVar8 = GetProcAddress(hModule,(LPCSTR)lpProcName);\r\n                if (pFVar8 == (FARPROC)0x0) {\r\n                    /* WARNING: Subroutine does not return */\r\n                  ExitProcess(unaff_EDI);\r\n                }\r\n                *ppFVar13 = pFVar8;\r\n                ppFVar13 = ppFVar13 + 1;\r\n              }\r\n            } while( true );\r\n          }\r\n        }\r\n      } while( true );\r\n    }\r\n    bVar19 = (uVar14 & 1) != 0;\r\n    uVar14 = (int)uVar14 >> 1;\r\n  }\r\n  bVar20 = CARRY4(uVar12,uVar12);\r\n  uVar11 = uVar12 * 2;\r\n  if (uVar11 == 0) {\r\n    uVar11 = *puVar15;\r\n    bVar21 = puVar15 < (uint *)0xfffffffc;\r\n    puVar15 = puVar15 + 1;\r\n    bVar20 = CARRY4(uVar11,uVar11) || CARRY4(uVar11 * 2,(uint)bVar21);\r\n    uVar11 = uVar11 * 2 + (uint)bVar21;\r\n  }\r\n  iVar6 = (uint)bVar19 * 2 + (uint)bVar20;\r\n  if (iVar6 == 0) {\r\n    iVar6 = 1;\r\n    do {\r\n      do {\r\n        bVar19 = CARRY4(uVar11,uVar11);\r\n        uVar12 = uVar11 * 2;\r\n        if (uVar12 == 0) {\r\n          uVar11 = *puVar15;\r\n          bVar20 = puVar15 < (uint *)0xfffffffc;\r\n          puVar15 = puVar15 + 1;\r\n          bVar19 = CARRY4(uVar11,uVar11) || CARRY4(uVar11 * 2,(uint)bVar20);\r\n          uVar12 = uVar11 * 2 + (uint)bVar20;\r\n        }\r\n        iVar6 = iVar6 * 2 + (uint)bVar19;\r\n        uVar11 = uVar12 * 2;\r\n      } while (!CARRY4(uVar12,uVar12));\r\n      if (uVar11 != 0) break;\r\n      uVar12 = *puVar15;\r\n      bVar19 = puVar15 < (uint *)0xfffffffc;\r\n      puVar15 = puVar15 + 1;\r\n      uVar11 = uVar12 * 2 + (uint)bVar19;\r\n    } while (!CARRY4(uVar12,uVar12) && !CARRY4(uVar12 * 2,(uint)bVar19));\r\n    iVar6 = iVar6 + 2;\r\n  }\r\n  uVar12 = iVar6 + 1 + (uint)(uVar14 < 0xfffffb00);\r\n  puVar10 = (undefined4 *)((int)puVar16 + uVar14);\r\n  if (uVar14 < 0xfffffffd) {\r\n    do {\r\n      uVar5 = *puVar10;\r\n      puVar10 = puVar10 + 1;\r\n      *puVar16 = uVar5;\r\n      puVar16 = puVar16 + 1;\r\n      bVar19 = 3 < uVar12;\r\n      uVar12 = uVar12 - 4;\r\n    } while (bVar19 && uVar12 != 0);\r\n    puVar16 = (undefined4 *)((int)puVar16 + uVar12);\r\n  }\r\n  else {\r\n    do {\r\n      uVar2 = *(undefined *)puVar10;\r\n      puVar10 = (undefined4 *)((int)puVar10 + 1);\r\n      *(undefined *)puVar16 = uVar2;\r\n      puVar16 = (undefined4 *)((int)puVar16 + 1);\r\n      uVar12 = uVar12 - 1;\r\n    } while (uVar12 != 0);\r\n  }\r\nLAB_0059251e:\r\n  bVar20 = CARRY4(uVar11,uVar11);\r\n  uVar11 = uVar11 * 2;\r\n  if (uVar11 == 0) goto LAB_00592522;\r\n  goto LAB_00592529;\r\n}\r\n\r\n", 
        "entry_point": "00592500"
    }
}