[
  {
    "name": "FUN_00401000", 
    "children": []
  }, 
  {
    "name": "FUN_00401030", 
    "children": []
  }, 
  {
    "name": "FUN_00401070", 
    "children": [
      {
        "name": "FUN_00401070", 
        "children": [
          "[RECURSION]"
        ]
      }
    ]
  }, 
  {
    "name": "FUN_004010c0", 
    "children": [
      {
        "name": "FUN_00401000", 
        "children": []
      }, 
      {
        "name": "WriteConsoleA", 
        "children": []
      }, 
      {
        "name": "ExitProcess", 
        "children": []
      }, 
      {
        "name": "GetLastError", 
        "children": []
      }, 
      {
        "name": "FUN_00401070", 
        "children": [
          {
            "name": "FUN_00401070", 
            "children": [
              "[RECURSION]"
            ]
          }
        ]
      }
    ]
  }, 
  {
    "name": "FUN_00401160", 
    "children": [
      {
        "name": "FUN_00401000", 
        "children": []
      }, 
      {
        "name": "WriteConsoleA", 
        "children": []
      }, 
      {
        "name": "FUN_00401070", 
        "children": [
          {
            "name": "FUN_00401070", 
            "children": [
              "[RECURSION]"
            ]
          }
        ]
      }
    ]
  }, 
  {
    "name": "FUN_004011f0", 
    "children": []
  }, 
  {
    "name": "FUN_00401220", 
    "children": [
      {
        "name": "CloseHandle", 
        "children": []
      }, 
      {
        "name": "FUN_004011f0", 
        "children": []
      }, 
      {
        "name": "FUN_00401000", 
        "children": []
      }, 
      {
        "name": "WriteConsoleA", 
        "children": []
      }, 
      {
        "name": "WriteFile", 
        "children": []
      }, 
      {
        "name": "ReadFile", 
        "children": []
      }, 
      {
        "name": "FUN_004010c0", 
        "children": [
          {
            "name": "FUN_00401000", 
            "children": [
              "[RECURSION]"
            ]
          }, 
          {
            "name": "WriteConsoleA", 
            "children": [
              "[RECURSION]"
            ]
          }, 
          {
            "name": "ExitProcess", 
            "children": []
          }, 
          {
            "name": "GetLastError", 
            "children": []
          }, 
          {
            "name": "FUN_00401070", 
            "children": [
              {
                "name": "FUN_00401070", 
                "children": [
                  "[RECURSION]"
                ]
              }
            ]
          }
        ]
      }, 
      {
        "name": "CreateFileA", 
        "children": []
      }
    ]
  }, 
  {
    "name": "FUN_00401370", 
    "children": [
      {
        "name": "SetCurrentDirectoryA", 
        "children": []
      }, 
      {
        "name": "FindFirstFileA", 
        "children": []
      }, 
      {
        "name": "GetLastError", 
        "children": []
      }, 
      {
        "name": "FindNextFileA", 
        "children": []
      }, 
      {
        "name": "FUN_00401160", 
        "children": [
          {
            "name": "FUN_00401000", 
            "children": []
          }, 
          {
            "name": "WriteConsoleA", 
            "children": []
          }, 
          {
            "name": "FUN_00401070", 
            "children": [
              {
                "name": "FUN_00401070", 
                "children": [
                  "[RECURSION]"
                ]
              }
            ]
          }
        ]
      }, 
      {
        "name": "FUN_004010c0", 
        "children": [
          {
            "name": "FUN_00401000", 
            "children": [
              "[RECURSION]"
            ]
          }, 
          {
            "name": "WriteConsoleA", 
            "children": [
              "[RECURSION]"
            ]
          }, 
          {
            "name": "ExitProcess", 
            "children": []
          }, 
          {
            "name": "GetLastError", 
            "children": [
              "[RECURSION]"
            ]
          }, 
          {
            "name": "FUN_00401070", 
            "children": [
              "[RECURSION]"
            ]
          }
        ]
      }, 
      {
        "name": "FUN_00401220", 
        "children": [
          {
            "name": "CloseHandle", 
            "children": []
          }, 
          {
            "name": "FUN_004011f0", 
            "children": []
          }, 
          {
            "name": "FUN_00401000", 
            "children": [
              "[RECURSION]"
            ]
          }, 
          {
            "name": "WriteConsoleA", 
            "children": [
              "[RECURSION]"
            ]
          }, 
          {
            "name": "WriteFile", 
            "children": []
          }, 
          {
            "name": "ReadFile", 
            "children": []
          }, 
          {
            "name": "FUN_004010c0", 
            "children": [
              "[RECURSION]"
            ]
          }, 
          {
            "name": "CreateFileA", 
            "children": []
          }
        ]
      }, 
      {
        "name": "FUN_00401030", 
        "children": []
      }
    ]
  }, 
  {
    "name": "entry", 
    "children": [
      {
        "name": "WriteConsoleA", 
        "children": []
      }, 
      {
        "name": "FUN_00401370", 
        "children": [
          {
            "name": "SetCurrentDirectoryA", 
            "children": []
          }, 
          {
            "name": "FindFirstFileA", 
            "children": []
          }, 
          {
            "name": "GetLastError", 
            "children": []
          }, 
          {
            "name": "FindNextFileA", 
            "children": []
          }, 
          {
            "name": "FUN_00401160", 
            "children": [
              {
                "name": "FUN_00401000", 
                "children": []
              }, 
              {
                "name": "WriteConsoleA", 
                "children": [
                  "[RECURSION]"
                ]
              }, 
              {
                "name": "FUN_00401070", 
                "children": [
                  {
                    "name": "FUN_00401070", 
                    "children": [
                      "[RECURSION]"
                    ]
                  }
                ]
              }
            ]
          }, 
          {
            "name": "FUN_004010c0", 
            "children": [
              {
                "name": "FUN_00401000", 
                "children": [
                  "[RECURSION]"
                ]
              }, 
              {
                "name": "WriteConsoleA", 
                "children": [
                  "[RECURSION]"
                ]
              }, 
              {
                "name": "ExitProcess", 
                "children": []
              }, 
              {
                "name": "GetLastError", 
                "children": [
                  "[RECURSION]"
                ]
              }, 
              {
                "name": "FUN_00401070", 
                "children": [
                  "[RECURSION]"
                ]
              }
            ]
          }, 
          {
            "name": "FUN_00401220", 
            "children": [
              {
                "name": "CloseHandle", 
                "children": []
              }, 
              {
                "name": "FUN_004011f0", 
                "children": []
              }, 
              {
                "name": "FUN_00401000", 
                "children": [
                  "[RECURSION]"
                ]
              }, 
              {
                "name": "WriteConsoleA", 
                "children": [
                  "[RECURSION]"
                ]
              }, 
              {
                "name": "WriteFile", 
                "children": []
              }, 
              {
                "name": "ReadFile", 
                "children": []
              }, 
              {
                "name": "FUN_004010c0", 
                "children": [
                  "[RECURSION]"
                ]
              }, 
              {
                "name": "CreateFileA", 
                "children": []
              }
            ]
          }, 
          {
            "name": "FUN_00401030", 
            "children": []
          }
        ]
      }, 
      {
        "name": "ExitProcess", 
        "children": [
          "[RECURSION]"
        ]
      }, 
      {
        "name": "SetConsoleTextAttribute", 
        "children": []
      }, 
      {
        "name": "ReadConsoleA", 
        "children": []
      }, 
      {
        "name": "GetStdHandle", 
        "children": []
      }
    ]
  }
]