{
    "FUN_00401000": {
        "decompiled_code": "\r\nint FUN_00401000(int param_1)\r\n\r\n{\r\n  int local_8;\r\n  \r\n  for (local_8 = 0; *(char *)(param_1 + local_8) != '\\0'; local_8 = local_8 + 1) {\r\n  }\r\n  return local_8;\r\n}\r\n\r\n", 
        "entry_point": "00401000"
    }, 
    "FUN_00401030": {
        "decompiled_code": "\r\nint FUN_00401030(int param_1,int param_2)\r\n\r\n{\r\n  int local_8;\r\n  \r\n  for (local_8 = 0; *(undefined *)(param_1 + local_8) = *(undefined *)(param_2 + local_8),\r\n      *(char *)(param_2 + local_8) != '\\0'; local_8 = local_8 + 1) {\r\n  }\r\n  return local_8;\r\n}\r\n\r\n", 
        "entry_point": "00401030"
    }, 
    "FUN_00401070": {
        "decompiled_code": "\r\nchar * FUN_00401070(uint param_1,char *param_2)\r\n\r\n{\r\n  if (9 < param_1) {\r\n    param_2 = (char *)FUN_00401070(param_1 / 10,param_2);\r\n  }\r\n  *param_2 = (char)((ulonglong)param_1 % 10) + '0';\r\n  param_2[1] = '\\0';\r\n  return param_2 + 1;\r\n}\r\n\r\n", 
        "entry_point": "00401070"
    }, 
    "FUN_004010c0": {
        "decompiled_code": "\r\nvoid FUN_004010c0(void *param_1)\r\n\r\n{\r\n  DWORD DVar1;\r\n  LPDWORD pDVar2;\r\n  undefined *puVar3;\r\n  LPVOID pvVar4;\r\n  undefined local_10 [12];\r\n  \r\n  puVar3 = local_10;\r\n  DVar1 = GetLastError();\r\n  FUN_00401070(DVar1,puVar3);\r\n  pvVar4 = (LPVOID)0x0;\r\n  pDVar2 = (LPDWORD)0x0;\r\n  DVar1 = FUN_00401000(param_1);\r\n  WriteConsoleA(DAT_00403844,param_1,DVar1,pDVar2,pvVar4);\r\n  WriteConsoleA(DAT_00403844,s__failed__error_code_0040382c,0x14,(LPDWORD)0x0,(LPVOID)0x0);\r\n  pvVar4 = (LPVOID)0x0;\r\n  pDVar2 = (LPDWORD)0x0;\r\n  DVar1 = FUN_00401000(local_10);\r\n  WriteConsoleA(DAT_00403844,local_10,DVar1,pDVar2,pvVar4);\r\n  WriteConsoleA(DAT_00403844,s__Make_sure_the_Files_directory_i_004037d8,0x50,(LPDWORD)0x0,\r\n                (LPVOID)0x0);\r\n                    /* WARNING: Subroutine does not return */\r\n  ExitProcess(1);\r\n}\r\n\r\n", 
        "entry_point": "004010c0"
    }, 
    "FUN_00401160": {
        "decompiled_code": "\r\nvoid FUN_00401160(int param_1)\r\n\r\n{\r\n  DWORD nNumberOfCharsToWrite;\r\n  LPDWORD lpNumberOfCharsWritten;\r\n  LPVOID lpReserved;\r\n  undefined local_14 [12];\r\n  DWORD local_8;\r\n  \r\n  FUN_00401070(param_1,local_14);\r\n  WriteConsoleA(DAT_00403844,s_Number_of_files_decoded__004037bc,0x19,(LPDWORD)0x0,(LPVOID)0x0);\r\n  lpReserved = (LPVOID)0x0;\r\n  lpNumberOfCharsWritten = (LPDWORD)0x0;\r\n  nNumberOfCharsToWrite = FUN_00401000(local_14);\r\n  WriteConsoleA(DAT_00403844,local_14,nNumberOfCharsToWrite,lpNumberOfCharsWritten,lpReserved);\r\n  if (param_1 == 0) {\r\n    local_8 = 0x50;\r\n  }\r\n  else {\r\n    local_8 = 1;\r\n  }\r\n  WriteConsoleA(DAT_00403844,s__Make_sure_the_Files_directory_i_00403768,local_8,(LPDWORD)0x0,\r\n                (LPVOID)0x0);\r\n  return;\r\n}\r\n\r\n", 
        "entry_point": "00401160"
    }, 
    "FUN_004011f0": {
        "decompiled_code": "\r\nvoid FUN_004011f0(int param_1,int param_2)\r\n\r\n{\r\n  byte bVar1;\r\n  byte bVar2;\r\n  uint uVar3;\r\n  \r\n  uVar3 = 0;\r\n  while (bVar2 = (byte)uVar3, (char)bVar2 < '\\b') {\r\n    bVar1 = *(byte *)(uVar3 + param_1) ^ *(byte *)(uVar3 + param_2);\r\n    *(byte *)(uVar3 + param_1) = (bVar1 << (bVar2 & 7) | bVar1 >> 8 - (bVar2 & 7)) - bVar2;\r\n    uVar3 = (uint)(byte)(bVar2 + 1);\r\n  }\r\n  return;\r\n}\r\n\r\n", 
        "entry_point": "004011f0"
    }, 
    "FUN_00401220": {
        "decompiled_code": "\r\nvoid FUN_00401220(LPCSTR param_1,LPCSTR param_2,undefined4 param_3)\r\n\r\n{\r\n  BOOL BVar1;\r\n  undefined local_1c [8];\r\n  DWORD local_14;\r\n  HANDLE local_10;\r\n  HANDLE local_c;\r\n  DWORD local_8;\r\n  \r\n  local_10 = CreateFileA(param_1,0x80000000,1,(LPSECURITY_ATTRIBUTES)0x0,3,0x80,(HANDLE)0x0);\r\n  if (local_10 == (HANDLE)0xffffffff) {\r\n    FUN_004010c0(param_1);\r\n  }\r\n  local_c = CreateFileA(param_2,0x40000000,0,(LPSECURITY_ATTRIBUTES)0x0,2,0x80,(HANDLE)0x0);\r\n  if (local_c == (HANDLE)0xffffffff) {\r\n    FUN_004010c0(param_2);\r\n  }\r\n  while( true ) {\r\n    BVar1 = ReadFile(local_10,local_1c,8,&local_8,(LPOVERLAPPED)0x0);\r\n    if (BVar1 == 0) {\r\n      FUN_004010c0(param_1);\r\n    }\r\n    if (local_8 == 0) break;\r\n    FUN_004011f0(local_1c,param_3);\r\n    BVar1 = WriteFile(local_c,local_1c,local_8,&local_14,(LPOVERLAPPED)0x0);\r\n    if (BVar1 == 0) {\r\n      FUN_004010c0(param_2);\r\n    }\r\n  }\r\n  CloseHandle(local_c);\r\n  CloseHandle(local_10);\r\n  local_8 = FUN_00401000(param_1);\r\n  param_2[local_8 - 10] = '\\n';\r\n  WriteConsoleA(DAT_00403844,param_1,local_8,(LPDWORD)0x0,(LPVOID)0x0);\r\n  WriteConsoleA(DAT_00403844,&DAT_00403760,4,(LPDWORD)0x0,(LPVOID)0x0);\r\n  WriteConsoleA(DAT_00403844,param_2,local_8 - 9,(LPDWORD)0x0,(LPVOID)0x0);\r\n  return;\r\n}\r\n\r\n", 
        "entry_point": "00401220"
    }, 
    "FUN_00401370": {
        "decompiled_code": "\r\nbool FUN_00401370(undefined4 param_1)\r\n\r\n{\r\n  BOOL BVar1;\r\n  DWORD DVar2;\r\n  _WIN32_FIND_DATAA local_194;\r\n  undefined local_54 [64];\r\n  int local_14;\r\n  HANDLE local_c;\r\n  int local_8;\r\n  \r\n  local_8 = 0;\r\n  BVar1 = SetCurrentDirectoryA(s_Files_00403758);\r\n  if (BVar1 == 0) {\r\n    FUN_004010c0(s_SetCurrentDirectory__Files___00403738);\r\n  }\r\n  local_c = FindFirstFileA(s___encrypted_0040372c,&local_194);\r\n  if (local_c == (HANDLE)0xffffffff) {\r\n    FUN_004010c0(s_FindFirstFile_0040371c);\r\n  }\r\n  while( true ) {\r\n    do {\r\n      local_14 = FUN_00401030(local_54,local_194.cFileName);\r\n      local_194.cAlternateFileName[local_14 + 6] = '\\0';\r\n      FUN_00401220(local_194.cFileName,local_54,param_1);\r\n      local_8 = local_8 + 1;\r\n      BVar1 = FindNextFileA(local_c,&local_194);\r\n    } while (BVar1 != 0);\r\n    DVar2 = GetLastError();\r\n    if (DVar2 == 0x12) break;\r\n    FUN_004010c0(s_FindNextFile_0040370c);\r\n  }\r\n  FUN_00401160(local_8);\r\n  return local_8 != 0;\r\n}\r\n\r\n", 
        "entry_point": "00401370"
    }, 
    "entry": {
        "decompiled_code": "\r\nvoid entry(void)\r\n\r\n{\r\n  UINT uExitCode;\r\n  undefined4 local_14;\r\n  undefined4 local_10;\r\n  DWORD local_c;\r\n  HANDLE local_8;\r\n  \r\n  local_14 = 0;\r\n  local_10 = 0;\r\n  local_8 = GetStdHandle(0xfffffff6);\r\n  DAT_00403844 = GetStdHandle(0xfffffff5);\r\n  SetConsoleTextAttribute(DAT_00403844,0xce);\r\n  WriteConsoleA(DAT_00403844,s____________Attention_____________00403000,0x70a,(LPDWORD)0x0,\r\n                (LPVOID)0x0);\r\n  ReadConsoleA(local_8,&local_14,8,&local_c,(PCONSOLE_READCONSOLE_CONTROL)0x0);\r\n  uExitCode = FUN_00401370(&local_14);\r\n                    /* WARNING: Subroutine does not return */\r\n  ExitProcess(uExitCode);\r\n}\r\n\r\n", 
        "entry_point": "00401460"
    }
}